timestamp,agent,model_version,confidence,latency,hallucination,object_count
2026-03-05 17:54:29,summarizer,orchestrator_v2,0.1,5.07,True,
2026-03-05 17:59:30,summarizer,orchestrator_v2,0.1,3.91,True,
2026-03-05 18:01:15,summarizer,orchestrator_v2,0.1,4.06,True,
2026-03-05 18:04:11,vision,yolo_v1,0.74,10.76,0,3
2026-03-05 18:08:51,summarizer,orchestrator_v2,0.1,4.9,True,
2026-03-05 18:09:56,tts,v1,0.95,0.0,0,
2026-03-05 18:11:23,summarizer,orchestrator_v2,0.47,4.47,False,
2026-03-05 18:24:21,tts,v1,0.95,0.0,0,
2026-03-05 18:24:50,vision,yolo_v1,0.8,7.19,0,5
2026-03-05 22:53:54,summarizer,orchestrator_v2,0.1,10.01,False,
2026-03-05 23:09:42,image_gen,v1,0.99,0.0,0,
2026-03-05 23:11:46,image_gen,v1,0.99,0.0,0,
2026-03-05 23:22:05,image_gen,v1,0.99,0.0,0,
2026-03-05 23:26:02,image_gen,v1,0.99,0.0,False,
2026-03-05 23:58:58,summarizer,orchestrator_v2,0.1,9.27,True,
2026-03-05 23:59:38,summarizer,orchestrator_v2,0.1,8.46,False,
2026-03-06 00:02:02,vision,yolo_v1,0.84,9.55,False,2
2026-03-06 00:02:53,tts,v1,0.95,0.0,False,
2026-03-06 00:04:34,vision,yolo_v1,0.82,9.71,False,3
2026-03-06 00:09:05,summarizer,orchestrator_v2,0.1,7.08,True,
2026-03-06 00:09:36,vision,yolo_v1,0.89,9.5,False,31
2026-03-06 12:47:58,summarizer,orchestrator_v3,0.1,5.8,True,
2026-03-06 12:48:36,vision,yolo_v1,0.82,21.72,False,4
2026-03-06 12:48:47,tts,v1,0.95,0.0,False,
